namefirst,namelast,email,country,birthdate,phone,sex
Hyman,Mault,refusingfurledmodes@Rogelioautistics.gov,Bulgaria,2008-03-14,383-032-4906,Male
Kenny,Kumor,Jacobsonworming@burringebony.me,United Arab Emirates,1984-11-29,425-471-3577,Male
Arlie,Uebel,excretesafely@babbleJamiraffled.com,Macedonia,1998-06-26,967-700-9435,Male
Ike,Mccaleb,softenersValerias@thrillersantelopes.net,Argentina,1989-12-12,439-467-7402,Female
Gordon,Belcastro,kidnapoverlords@rosewoodfingerboards.gov,Spain,1993-09-15,166-266-4808,Male
Marty,Pedreira,mutineeringillegitimately@dellsJohanncancers.gov,Dominican Republic,1978-03-02,991-134-2754,Male
Luther,Crapo,soakingChoctawsDelta@defytowards.net,Pakistan,1991-04-10,871-757-7322,Female
Blair,Golbeck,chargingturmoils@puzzledethically.info,Puerto Rico,1995-08-14,754-106-8245,Male
Boyd,Oh,percussionistFeds@cuckoosdistorter.com,Malawi,1996-10-04,579-262-8272,Male
Shaun,Graeber,questionnaire@carbineshomophobia.info,Brunei,1987-02-18,973-258-4352,Male
Tomas,Spitzfaden,moisterlodestones@aloofnessmodicums.me,Ghana,1985-09-04,474-285-7088,Female
Cole,Mosco,Sungprofligacyshouldering@Hiberniaequalizations.org,Borneo,1970-02-27,434-725-4117,Male
Joshua,Villena,shackleswashtubs@siftauspiceWhitealfalfa.gov,USA,1985-06-23,736-310-9279,Male
Mike,Hastin,liquidating@retrial.me,Greenland,1986-04-01,241-118-4757,Female
Virgil,Ceraolo,westernmost@gentrifyingrightfulnesss.edu,Czech Republic,1994-08-30,528-900-3574,Female
Marshall,Stateman,patriotdegenerative@Hodissipates.info,Austria,1973-01-07,643-258-7627,Female
Michael,Pote,parallaxesidolatrous@surfboarded.com,Indian Ocean,1993-05-08,869-703-6341,Female
Sang,Potas,shelfsmistakesdilute@Reichstagswansparticipial.org,Iceland,1982-01-03,227-770-3733,Female
Hoyt,Murguia,envelopslaughters@oilyclairvoyanceoutsourced.info,Jan Mayen,1997-09-17,750-241-7349,Female
Lazaro,Delapena,DixonsAlbanys@philanthropysRolvaag.net,Marshall Islands,1994-04-05,431-763-9543,Male
Heriberto,Koulianos,allegationsmechanics@warpedfurthers.com,Kuwait,2015-01-12,145-648-7806,Male
Marvin,Lebo,pettifoggers@politicfurtive.me,Oman,1972-07-27,590-578-3352,Male
Will,Clinkingbeard,hoofsflooredGreensleevess@CdsLiza.com,French Guiana,1998-10-06,627-926-1508,Male
Jose,Stipp,Purimcallowest@skirmish.gov,Luxembourg,1991-12-12,537-801-7809,Male
Florencio,Keslin,flunkycontusing@TunguskaPurdue.com,Poland,2010-07-29,696-835-9631,Male
Rhett,Vartanian,bastedabsolutionphloxes@attributions.gov,Uruguay,1995-03-13,404-861-1514,Male
Noel,Street,peahenminiatures@Moniqueextravagant.gov,Solomon Islands,2017-12-11,588-120-2554,Female
Blair,Fahmie,Pandoracontaining@lingeringlyextenuate.org,Estonia,2011-05-08,382-560-7705,Female
Gordon,Vanderhoek,Corneillesidiosyncrasy@surplussing.com,Micronesia,2004-06-07,145-888-9656,Female
Marco,Jugan,wareeventcachet@settlesvodkas.info,Moldova,1977-12-20,275-087-8502,Female
Moshe,Vara,legionnaireshabitation@bulldoggingroweled.org,Gabon,1993-06-11,890-463-1099,Male
Lance,Pav,varietiesHannibal@Englishesnowenvoy.edu,Australia,1999-12-26,314-600-6461,Male
Isaiah,Nerbonne,Antillesnonmember@impetus.net,Mediterranean Sea,2002-01-23,904-418-4809,Female
Cole,Bragwell,factionalisms@sinecures.edu,Algeria,1978-08-05,427-673-8438,Female
Jeffery,Pino,manslaughtersouthpaw@flutingYiddishs.info,Malaysia,2003-05-21,435-574-6199,Male
Cedric,Wolfsberger,representations@proponent.org,Republic of the Congo,1974-03-22,536-779-9397,Female
Rosario,Ernesto,recipientscoopers@hamstrings.com,Australia,1986-09-29,425-614-0984,Female
Johnathon,Bynog,ughagonizingsuccessor@sanitariumscunningly.edu,Iran,1977-01-07,209-803-3018,Female
Robby,Jinnah,fathersaqueoustriumphant@unmaskingunnervescurly.gov,Solomon Islands,2015-12-15,582-002-0462,Female
Adolph,Partenheimer,examplesunited@fridgesagreement.com,Slovenia,1977-03-23,336-948-6169,Female
Weldon,Pitts,TiresiassunwiseSallies@coopers.info,Howland Island,1997-12-26,479-584-7437,Male
Pasquale,Parma,UrdusToledosacrificing@undopoulticesEsthers.com,Gibraltar,2005-08-15,175-167-0230,Female
Hans,Hinkebein,bricksinterbreed@exploitunwarranted.org,Yemen,1978-02-27,119-764-2754,Male
Sean,Fitkin,cannonsunaidedHetties@subtitled.info,Morocco,2009-10-22,615-099-3275,Female
Al,Aljoe,traditionalist@alumnaHenchsparchments.info,Nepal,1988-10-29,704-520-0190,Female
Delmer,Kubeczka,Natashasfactorials@AlpheratzsJohnathon.org,Aruba,1982-03-26,578-672-6925,Female
Jose,Schoenfeld,gaggleoriginateactuates@countrycookingkibbutzs.org,Saint Lucia,2008-11-27,247-617-8172,Female
Wilfredo,Labib,lamentsAmypenurious@unlacesintuiting.net,Colombia,1994-10-28,591-093-1843,Male
Ken,Tory,highwayBertaKuwaits@parricides.com,Norfolk Island,1992-08-12,120-424-1779,Male
Jacob,Sirignano,officiatingDonas@pippingshavesredeemer.com,American Samoa,1992-11-26,377-880-4587,Male
George,Fello,Kazansmatchboxs@atrophymajesty.me,Grenada,2013-05-17,770-708-3429,Female
Charlie,Despard,fictionsheadlined@beatifications.gov,Cyprus,2018-08-01,754-690-6626,Female
Gonzalo,Wedemeier,dibbleselopements@invigoratefurloughs.info,Clipperton Island,2007-05-03,628-545-9142,Female
Valentine,Khanum,striatedAryan@emasculation.me,Turkmenistan,2015-07-05,120-248-7455,Male
Blaine,Cappitelli,complimentsvealing@Pavloviandivinityglycogen.com,Democratic Republic of the Congo,1993-09-16,172-650-4098,Male
Stanley,Ule,canneriesSlavsscorecard@fillipungracious.edu,Papua New Guinea,1977-11-11,140-496-7260,Female
Irvin,Rittler,Brownescrofulaplexuss@libbedredistributed.info,Jarvis Island,1994-07-26,875-088-4152,Male
Ramon,Khavari,cellulosesapproaching@microprocessorSynges.com,Bulgaria,2016-05-24,645-613-7046,Female
Edward,Broyard,reforestpaleness@Paynespetulantrearwards.net,Guinea-Bissau,2017-05-16,132-655-5103,Male
Bruno,Hadlow,fussingpertcluster@staticcreepiest.info,Andorra,1982-07-01,709-246-5334,Female
Sammy,Freymiller,viticulturesdaffiest@erasingDeonAgathas.info,Colombia,1999-03-27,420-034-4958,Female
Major,Astacio,misappropriating@penalizes.info,Brunei,2017-04-26,390-756-7171,Male
Troy,Glawe,adolescentforetaste@directly.edu,Uruguay,2006-12-13,187-675-4757,Female
Les,Wible,unfortunate@Eisnersurveyedacridest.edu,Burundi,1984-10-05,401-710-9707,Female
Ted,Kaehr,defrayshoariness@permits.edu,Sudan,1995-11-15,508-840-4759,Female
Shannon,Hyzer,conveyscalculatewrinklier@secularizationfluently.edu,Chad,1979-04-21,198-041-5590,Female
Ramon,Ulmer,salientrudimentsniffling@Houseturbid.edu,Samoa,2009-08-30,482-270-6860,Female
Morris,Kuzmicki,purismpastries@porpoises.me,Belgium,1971-09-28,343-392-1004,Male
Edmundo,Lilavois,contiguityFochs@rationalism.edu,Uruguay,1989-07-11,828-356-7971,Male
Rory,Kraybill,blowoutsprejudgingJoni@evaporations.gov,Swaziland,1976-09-16,383-279-0226,Male
Grady,Selden,bacterialflintiest@invulnerably.me,Republic of the Congo,2016-04-11,168-347-1737,Female
Herb,Balck,unutterablycelestas@classifieschutzpahs.me,Falkland Islands (Islas Malvinas),2004-11-24,905-603-1146,Male
Gavin,Gambol,spunkiestvarianceWaldos@honksaccommodation.com,Jamaica,1999-12-05,368-652-5887,Female
Mickey,Linek,tembloresfinestaxs@Menckensscorches.me,Cameroon,2006-03-17,900-312-2678,Male
Isaiah,Pozas,spayphloemshectic@honorariumsfulled.org,Republic of the Congo,2009-02-14,915-456-4543,Male
Kris,Spicknall,veritygoopceiling@Anzacsqueriesplaypens.edu,Bahamas,2010-04-28,432-767-1769,Female
Rocky,Taormina,athleticscrewmans@treasuring.gov,Syria,1988-12-08,970-715-8620,Female
Harrison,Cerka,Omdurmanindeterminacy@hygrometersreviewer.me,Gambia,1995-05-20,193-572-5598,Female
Bret,Stine,heptagonsharassment@forgather.net,Iran,2003-05-01,399-618-2044,Female
Roderick,Gebremedhin,earthquakeGatsbys@demagnetizationssense.net,Gibraltar,2017-12-23,920-207-6949,Male
Curt,Very,draperysUpjohn@agglutinatesjackhammering.org,Bangladesh,1985-06-01,358-847-0530,Male
Julio,Kletke,unobtrusivelychamping@sortsTiconderogas.me,Paraguay,2002-12-13,939-623-0831,Male
Jerrold,Tirabassi,separatescounterculture@Mendelwhinnies.net,Isle of Man,1978-04-13,220-122-5878,Female
Clifton,Iturrino,DewittwinnowScriptures@installments.edu,East Timor,1998-03-31,861-745-1720,Male
Gino,Bianchard,spheresBulfinchs@messinessoverestimating.gov,Iceland,2013-08-12,783-846-9028,Female
Oswaldo,Trotto,woodcarvingsMalabos@damperrefinements.gov,Slovakia,1996-08-29,777-161-2325,Male
Valentin,Pomposelli,snobbierdivertsschoolroom@jamChurchill.com,Svalbard,2012-05-12,847-516-8389,Male
Tommy,Yealy,brownierwreckersArtemiss@sewerageColombias.com,Democratic Republic of the Congo,1975-08-20,712-153-0236,Male
Lonnie,Colin,fewproportional@rathskellerRomuluss.gov,Philippines,1974-10-29,434-538-6646,Female
Alva,Schoenfield,cogencysflirtationuncommon@undergarments.edu,Venezuela,1999-07-12,674-110-6500,Male
Brent,Dickhaus,diodescodification@Heeps.com,Tajikistan,2006-09-02,781-732-7739,Male
Marcos,Liba,hivesthorny@flyspeckeduntilled.gov,Nepal,1970-12-19,243-029-4413,Male
Landon,Bubp,ChinooksMacintoshs@swathe.edu,Palau,2001-04-12,724-373-4291,Female
Benton,Ou,Elainedelineating@gibbetattachingtest.net,Djibouti,1972-03-23,228-308-3797,Female
Rashad,Mogen,Paramountsmesmerizing@Aubrey.net,South Georgia and the South Sandwich Islands,1982-04-26,921-293-3532,Female
Luke,Zatko,solvableundresses@hangerspenicillin.net,Anguilla,1972-12-22,665-782-6869,Male
Odis,Lamasters,bullporticostemporally@teapotsslacksnonnegotiable.me,Dominican Republic,2005-09-22,883-832-1115,Male
Jonas,Coslow,obsessiverelinquishes@Inquisitionsschemer.edu,Atlantic Ocean,1995-06-04,588-112-5047,Female
Junior,Cerone,playwrightsshipbuilders@evangelizing.gov,Greece,2010-11-07,503-671-0355,Male
Quinn,Hovenga,rentedflirtatiously@sashayed.edu,Lebanon,1987-01-08,947-247-6252,Female
Boyd,Buob,guisemodalsmeatballs@foretellAmelias.me,Finland,1972-02-02,774-052-5817,Male
Hobert,Durando,agronomysPraxiteless@nauseasdatelinesdoffed.gov,Dominica,1994-06-06,296-371-4931,Male
Kyle,Guthart,smuttyendangersSets@raisins.net,Pakistan,1991-10-29,808-573-9612,Female
Chung,Bows,buddieslodgedfatherless@Aaliyahautocrats.me,Dominica,1977-06-09,915-659-6376,Female
Mac,Splunge,quavershumanize@enthronedwaitsmaturitys.info,North Korea,2010-10-19,278-200-1609,Male
Jonas,Loudermill,lappedjackrabbits@smelterAnshans.info,Myanmar,1991-06-13,146-445-6389,Male
Nestor,Monfee,considerwatts@Kodakcollectivists.gov,Kenya,2001-06-02,505-084-4965,Female
Vern,Camarillo,obliterationpavings@laxerpenetrating.net,Republic of the Congo,1985-06-15,210-063-3782,Female
Tom,Roote,kneadedtransformation@neighborhoodslaywomen.org,Netherlands Antilles,1976-03-24,416-593-2959,Male
Emile,Weisenberg,kindleNeapolitaninitially@fearfulnesss.gov,Northern Mariana Islands,1995-12-15,595-775-0708,Female
Billie,Naujoks,shuttlecockingembodiment@spentwhacky.org,Sudan,1985-03-24,106-162-0731,Male
Lloyd,Cormeny,atonesstrollers@wackescornflowers.net,Bangladesh,2008-07-05,436-875-7595,Female
Yong,Rifkind,speedometerSharonplaits@Democrats.com,Sudan,1980-08-16,100-083-1557,Female
Elden,Keldsen,modesterissuance@skullduggery.com,Albania,1984-11-20,353-707-6842,Female
Marc,Terryn,Jesuitshorseplays@frenchpinpricking.gov,Saint Vincent and the Grenadines,2010-12-27,857-859-9398,Male
Loyd,Phun,ickiestcardsharpCostello@symbolizedreinserted.info,Mozambique,1996-04-09,269-344-7917,Female
Christoper,Redinger,batchsbassesshowering@mastectomiesunveiled.gov,Morocco,1995-02-05,689-746-1343,Male
Micheal,Bhola,calisthenic@confirmationsvegetarians.net,Jersey,1973-07-04,142-803-9707,Female
Alexis,Sturgeon,alleviations@headyintake.com,Venezuela,2013-03-11,801-031-1018,Male
Rigoberto,Snider,resumptioninanest@RommelsSheba.net,Cote d'Ivoire,2003-06-15,554-092-1410,Male
Marty,Schuchmann,viawarmingoutwearing@pussycatswheedles.info,Lithuania,2005-11-08,595-796-9970,Male
Mason,Peschong,beetlesleapfrogs@muscularitysreplications.gov,Morocco,2011-09-14,103-838-8435,Female
Reyes,Laraque,preponderances@rustingdepressedjudgement.me,Costa Rica,1980-11-22,672-401-1855,Male
Wiley,Ciani,formulateArmageddons@broganJephthahs.gov,Iran,1974-04-19,685-177-5649,Female
Shayne,Tilburg,grottocreationism@Foxhormones.info,Gaza Strip,1974-09-30,641-552-9147,Female
Emery,Keach,Orvaltrottedaccessibility@equestrianshistoric.info,Cayman Islands,1995-09-09,107-278-1928,Female
Rhett,Mckenna,Hustonmetabolizepomades@chickadee.me,Tonga,1989-04-18,277-266-8598,Male
Claude,Warkentine,navigablehindmostundergone@correctsmannerisms.gov,Cocos Islands,1995-08-31,412-316-9009,Female
Eliseo,Lobuono,polymathhieroglyphicss@Dshubbas.net,Ghana,1994-12-17,861-484-3426,Female
Brenton,Gertsch,expressesintrustedpetrolatums@vouchersunrepresentative.gov,Chad,2002-07-15,190-808-5243,Male
Nathanial,Lonigro,trumpetingsateen@numismatics.edu,Serbia,1998-06-30,819-810-5997,Female
Dominick,Laughridge,homebodysdivides@rapscallions.edu,Central African Republic,1974-12-11,211-910-3000,Female
Darren,Schy,decimalscatechized@MaginotsgassierNikons.com,Norway,1975-09-19,216-513-7541,Female
Darrin,Abaya,oppressedbeholder@Heinleins.info,Palmyra Atoll,2010-09-28,125-357-9296,Male
Sang,Berchtold,bandsdecommissionsfurrier@Atlantesflashlights.net,Antarctica,2012-06-14,524-224-7684,Male
Clifton,Zaidan,quarrysbreakfastedingratiates@blockstheoretic.info,Guam,1990-01-27,150-975-0628,Male
Raymond,Pirkl,instigationsamnesty@Esmeraldas.net,Arctic Ocean,2000-03-29,210-786-9690,Female
Yong,Voliva,rigorousfacilitated@reconsidered.gov,Ecuador,2016-07-23,587-560-3001,Male
Jody,Sedan,offensesfungi@centimetersPansgarbed.net,Arctic Ocean,1999-08-09,336-998-0486,Male
Keven,Trybus,couchsannihilations@shortcutdribbling.info,Ireland,2011-03-17,902-414-8875,Male
Kirby,Kragt,millsovergrowcopses@corepilothouses.info,Germany,1978-01-20,432-534-3982,Female
Oswaldo,Vizena,kiddersordealsdisembodied@tarryschmuckscaning.org,Mauritania,2010-11-18,610-832-2811,Male
Antone,Prijatel,harmoniesbosomCrookess@lilySlavs.org,Saint Kitts and Nevis,1991-11-17,614-765-1607,Female
Courtney,Renschen,hopelessnesssmotto@catalyzes.me,Saudi Arabia,1979-12-16,219-196-8103,Female
Hilton,Ceccarini,futzingsingularlyWhitsundays@cafeteriasimportuning.edu,Tromelin Island,1970-10-15,837-548-3672,Female
Bruce,Heermance,Annamhostelling@oxygenatheists.info,Sri Lanka,1998-07-24,883-835-5313,Male
Ernesto,Manatt,playsKiddground@flamethrowerstopss.info,Burundi,2009-01-22,203-872-9958,Female
Hassan,Chervenak,foxgloveshoneycombed@strangleholds.edu,Belize,1992-02-21,944-460-5709,Female
Lamar,Bantum,silversnumeral@flatnesspresciences.net,Saint Helena,2012-10-20,627-804-9652,Female
Trent,Siers,nonconformistNkrumahs@mysteriedsurcharged.net,Saint Lucia,2018-05-30,279-863-7138,Male
Chad,Phiffer,tautologysoldie@varmintJunes.edu,Togo,1997-03-31,518-276-0810,Male
Huey,Zbikowski,trenchesambivalencefrom@JanaAddamsspiders.edu,Guyana,1989-12-02,722-034-6931,Female
Hayden,Tappa,chairliftinciting@gamerscenically.edu,Hong Kong,2007-03-12,913-475-4274,Male
Roberto,Civitarese,logbooksentangles@flyersVesta.me,Puerto Rico,1978-01-23,165-329-1384,Female
Sylvester,Yonek,viscosityspecked@tardilycomplexion.gov,Czech Republic,1982-01-25,940-773-4692,Female
Gerard,Demchak,CarboloyLeonas@trellising.org,Austria,2004-10-05,135-121-0355,Female
Carlton,Hird,encompassesshielded@bailsPangaea.gov,El Salvador,2003-11-01,439-829-5197,Male
Jerold,Trevithick,leerierbankbooksoverplay@Eldonquantummaternity.org,Pacific Ocean,1995-01-22,188-369-9039,Male
Keneth,Warrick,DvinasGuillermos@copywriterspurposed.me,Saudi Arabia,1982-06-01,875-836-7176,Female
Drew,Winner,tomcatoveractivesecularism@Peckhostages.org,Germany,1975-06-19,850-945-2274,Male
Damian,Maydole,Juliospanhandled@counteractions.info,Republic of the Congo,1974-01-10,135-392-5956,Female
Doyle,Grutsch,harlequinidealistically@celebrant.gov,Latvia,1972-04-05,221-408-3575,Female
Milan,Bevelle,earldomsextremistmugger@inventors.net,Jamaica,1983-01-10,795-363-8431,Male
Mel,Mutnansky,interviewees@failingsrenaissances.info,Gabon,1980-02-07,682-080-7595,Female
Victor,Milteer,Rsteamedteaksghastlier@spotterbacksliders.gov,Belgium,1989-01-31,599-948-6363,Female
Chong,Souvenir,vaultsreprintshyperspaces@damesParacelsuss.org,Maldives,1976-04-20,772-423-1786,Female
Isiah,Wormsley,aspartamenicking@CruiseMaloneentrusted.gov,Cocos Islands,1988-11-13,517-320-7696,Female
Hayden,Sardis,cuspidexhaustions@colloquialismadobes.me,Tromelin Island,2007-09-11,978-803-3796,Male
Minh,Lombari,overlordshumerus@mainlinedsilicons.org,Monaco,1995-02-23,279-947-3100,Female
Kip,Every,Leonardosorchardfinances@vacates.org,Kingman Reef,1990-11-11,879-994-9562,Male
Glenn,Hinzman,valentinespickpocket@selectmenmulches.net,Oman,2000-09-30,299-588-3907,Male
Amado,Glus,ankhsparson@boisterousnesss.info,Cuba,1972-08-11,548-766-3198,Male
Tyler,Troth,steadilysyntheticartillerys@buzzerspoisons.me,Spratly Islands,2015-03-28,858-641-1467,Male
Ashley,Yoshimoto,yippedtannestemployee@lambskins.edu,Arctic Ocean,1982-01-17,709-970-8308,Female
Jefferey,Rodda,appositionWaldFreeman@Kathrinedabbled.org,Puerto Rico,2009-11-01,356-565-4257,Female
Earl,Berkeley,deliverLemuelsdisgusted@drakescinchonainsolvent.com,Trinidad and Tobago,1998-05-21,897-372-1226,Female
Buford,Fedick,grufflyOregonians@flagellation.info,Nauru,1989-04-20,383-836-1265,Female
Shannon,Globerman,butcheryKansan@imaginativelyumiaks.net,Bangladesh,1979-05-21,532-712-5634,Female
Alden,Sarra,excommunications@scornedbattlefields.net,Macau,2018-01-11,526-703-8940,Male
Deangelo,Pawl,fealtysrejecting@piggishtortsseminars.info,Georgia,1975-05-25,812-818-0257,Female
Stuart,Helper,Helsinkiscostlinesss@noshingdestructiveness.com,Macedonia,1993-04-28,737-922-9349,Male
Fredric,Uelmen,rebatingboyishly@demilitarizesshipwrights.edu,New Zealand,2003-04-26,842-838-8912,Female
Oswaldo,Ailor,ItaliansrepsHenrys@onioning.gov,Turks and Caicos Islands,1971-02-16,363-193-0002,Female
Tad,Vozenilek,substitutesfestoon@elephants.org,Paraguay,2000-05-21,957-145-7354,Female
Garry,Mcgar,parrotsacclaimspyres@Molokaichatterers.gov,Colombia,1992-10-06,463-262-6744,Female
Charles,Sluis,giantessbimbos@counterattacks.gov,Netherlands,2010-04-27,762-840-7138,Female
Jesse,Ekanem,jazzhumiditysMagdalenas@scoincidental.com,Azerbaijan,1990-07-05,972-799-0338,Male
Mickey,Amiss,celledPunjabmosques@pinprickdaguerreotypes.net,Algeria,1988-03-22,987-704-3161,Female
Robbie,Hennard,tributaryhomeyness@joyfullyJosefschauvinisms.org,Saint Helena,2012-10-29,335-034-0594,Male
Gregorio,Rasley,muttnationality@predisposes.info,Reunion,1989-04-28,372-283-4350,Male
Luke,Tummel,surreyreinstateintroduction@CantuPmsVioletconglomerates.com,Nepal,1994-12-07,717-768-5208,Female
Stanley,Stossel,sorceressschlepping@GlendalesEvangelina.edu,Trinidad and Tobago,1975-12-25,252-418-3811,Male
Buford,Dellipaoli,skidscrumblierchopping@Mondayparseccicatrices.net,Spratly Islands,1992-02-20,685-332-1938,Female
Dario,Wever,artillerysdecent@clitorisesoverride.net,Thailand,1975-01-13,383-878-8621,Male
Karl,Portuese,dirksbransconfided@spokesmans.info,Suriname,1988-07-25,938-554-9319,Male
Miquel,Bandlow,Dewittsdirgefords@comprised.org,Italy,2011-04-02,168-851-8076,Female
Margarito,Hanserd,beyondsamid@quadruplesrefundsorority.gov,Uzbekistan,1986-06-25,825-704-1779,Female
Mohammed,Dellapolla,reamsSummersnonexistences@rumbling.net,Wake Island,2004-03-21,981-510-9147,Female
Rhett,Pronti,eddiesEdmondCasalss@controverted.info,Mauritania,1970-11-01,210-606-8281,Male
Bart,Falk,bamboosMaras@kangarooedknackwursts.me,Armenia,1981-09-07,737-401-2276,Female
Emerson,Brasil,stanklandswhimpered@collocationWooten.edu,Hong Kong,2014-04-11,749-159-6942,Female
Arlen,Ballinger,thimblesHersheltruanted@rodeocoincidentalhunkered.net,Somalia,1978-11-30,483-728-8822,Male
Gilbert,Bool,shroudedatom@paddockedjewels.me,Mongolia,2007-03-22,993-017-3373,Female
Doug,Ludewig,cogencyswindbag@wereJenifer.edu,Palmyra Atoll,1999-12-01,307-707-4391,Male
Elisha,Shadday,holegridironemptying@gherkinsRigel.com,Angola,2002-07-10,857-411-5424,Female
Vance,Vicchio,slovenlinessholiest@installed.com,Nigeria,1971-09-19,700-188-9399,Male
Rey,Fragala,MaddoxSavior@Palembangs.info,Yemen,2003-07-18,965-793-0054,Female
Lavern,Kalin,SonnydesiccateLorries@euthanasiasazureColombians.com,Reunion,2008-11-23,105-892-6015,Female
Robert,Baidoo,researchchastest@Stockholmscranium.edu,British Virgin Islands,1978-03-23,723-826-4174,Male
Orville,Rybczynski,croonElohims@symphonicsnowplow.me,Czech Republic,1991-10-18,448-008-2197,Female
Scotty,Rosin,mollifyTarbellSnoopy@deceitfully.edu,Juan de Nova Island,1972-08-05,981-137-6278,Female
Dwayne,Kuegler,mingledpopinjayasperitys@thunderboltssnuffle.info,Juan de Nova Island,2011-03-07,789-835-5316,Female
Hal,Krobot,moralizeismsexclusion@burglarizevictimize.gov,Belarus,2013-09-25,858-763-3031,Female
Luciano,Moreta,bigotryssizingsferocity@summerydanglegrounder.net,Republic of the Congo,1999-07-14,315-213-1573,Female
Jayson,Schuth,Wisechrysalides@calmsAfghanistanimprovisations.me,Malta,1972-01-29,758-958-5133,Female
Johnathan,Kurts,ladledinkwellsempties@mornsAureomycins.info,Turkmenistan,1991-03-26,210-441-8211,Male
Dana,Hirst,gleaningflyover@rectangle.info,New Zealand,2013-09-04,982-689-3665,Male
Ray,Jochem,averscheckout@cowspilafunseeingchiselers.gov,Mexico,2012-07-26,690-451-3410,Female
Jackie,Rouf,Netherlandss@Andrewcharmridings.info,Saint Kitts and Nevis,1979-03-01,817-120-5822,Female
Al,Haslach,hibernationsingenuousnesss@overlaps.org,Gambia,2000-08-10,734-503-9006,Female
Troy,Dorfler,stylishlygrandStiltons@Iraqis.net,Samoa,1981-06-19,159-201-6605,Female
Brock,Verna,expressively@bullyspesos.com,Kuwait,1970-09-19,777-952-1231,Female
Clarence,Lachcik,mantissasregroups@destinesManilas.edu,Saudi Arabia,2000-10-18,796-553-8934,Female
Berry,Ryks,cryptsgoofsrifer@Raymundofoodstuff.gov,Algeria,2013-04-11,434-064-0969,Female
Sonny,Delviscio,handiworkdepravedtransepts@Musharrafs.gov,Latvia,2007-08-04,696-070-9298,Female
Charley,Klade,bluenosesdeluging@estrangingreassurances.info,Sudan,2014-11-30,307-078-7940,Male
Lacy,Marrugo,gizmoscrumbierchinstrap@Corinassulfides.org,Russia,2011-04-05,890-370-8443,Male
Maurice,Langsdorf,dualismNatchezpale@setAnatolian.gov,Guernsey,1984-01-13,292-447-1705,Female
Diego,Conaway,electroencephalograms@soundlesslyforget.org,United Kingdom,1982-05-31,631-275-9510,Female
Elbert,Lembeck,utterancelimo@foxhoundsAlmas.gov,Vanuatu,2001-09-27,368-681-9158,Male
Bert,Wykstra,dyerssuperspigeoned@uncaringChittagong.edu,Italy,1987-10-09,932-418-3000,Male
Harlan,Detoma,bevelsquarerirreverences@infrequently.me,Kosovo,1978-03-27,549-088-0287,Male
Israel,Nething,scurfslittleshirker@mononucleosis.gov,Indian Ocean,1994-04-30,904-100-3959,Male
Emmitt,Scammell,loafervirtuallyDaren@premiering.net,Southern Ocean,1993-06-16,685-426-1706,Male
Quintin,Cordell,incentivesmisquoting@rubbishy.gov,Guadeloupe,1979-12-17,192-650-0656,Male
Seymour,Hindall,agesharpnessHallmark@dandered.gov,Venezuela,1990-12-31,500-004-2252,Male
Romeo,Muehlberger,aglitteraerie@bootstrapscertifications.com,Denmark,1972-08-02,839-217-3018,Male
Lucas,Readdy,airstripssubcontinent@Patagonianspillways.com,Palmyra Atoll,1970-04-12,988-467-4675,Female
Everette,Mardin,progenitorsgouger@anteater.info,Cameroon,2005-01-23,952-178-6665,Male
Alan,Kerrigan,cocaineparquethinder@adaptedtournaments.net,Howland Island,1991-08-10,685-912-2076,Female
Jacinto,Anglim,superhighwaydarklier@hepsinexhaustible.net,Cameroon,1975-12-12,990-927-5810,Female
Marcos,Olynick,peakingconvulsing@termitesimpalingoppressive.me,Egypt,1992-09-12,679-260-9437,Male
Jc,Ziogas,stabilizationEssequibo@clogbegmausolealamming.net,Hong Kong,1992-06-25,196-912-0557,Female
Doyle,Pikes,jaywalkerssleepers@derelictsuperhuman.org,Juan de Nova Island,2004-07-25,396-548-5385,Male
Louis,Maugeri,summeriestBurchTaipeis@artists.info,Cook Islands,1973-10-02,271-766-3317,Male
Merrill,Haynes,paeansneutralsjersey@breedTientsinshoods.info,Kyrgyzstan,2016-04-17,192-771-1433,Male
Fritz,Ventress,stiesembeddings@thighspilotingtest.org,Republic of the Congo,1986-01-28,732-654-2520,Male
Josh,Divelbiss,Peruviansbulimicarchives@vergesexhortations.com,Lithuania,2009-06-11,980-223-7159,Female
Bruce,Fickes,circumstantials@Qiqihars.org,Reunion,2012-04-22,942-864-4723,Male
Wayne,Coffen,fogsordered@terriers.edu,Belgium,1987-01-24,560-271-8700,Male
Modesto,Gutierre,conscientiously@strategic.com,Thailand,2016-11-26,778-113-3548,Male
Gaylord,Resende,Eugenemaidenheads@inadvertencetruckloads.edu,Andorra,2013-12-09,244-599-4976,Male
Hong,Stockstad,eroderoulettecartography@splashing.me,Mozambique,2013-07-03,421-709-1182,Female
Jimmy,Padella,regencyabetting@Criollo.info,Burundi,1995-08-01,145-475-0792,Male
Oswaldo,Edouard,campystigmatized@pastures.gov,Bhutan,1976-08-19,693-804-1575,Female
Glen,Wintermeyer,urologistthunderclaps@augurscounterclaiming.net,United Arab Emirates,2018-10-24,407-661-5542,Male
Mary,Cichanowicz,climaxingbackbitten@keepsakesjackasss.gov,Brunei,2016-11-03,674-959-9049,Male
Lanny,Roufs,obtrusiverequisites@distancestreetop.org,Pitcairn Islands,1985-12-10,291-581-9752,Male
Bennie,Mohebbi,propagatebeneficiarys@initiatingpromoting.me,Republic of the Congo,2002-02-05,691-467-0489,Female
Man,Minar,columnscant@cauterize.gov,Malta,1993-12-14,899-756-8935,Male
Chas,Prestia,LoaferBoeing@Balthazars.net,Maldives,1984-06-11,360-700-1808,Female
Lazaro,Mardy,hazardingdeveloper@seductionbackstopping.info,Macedonia,2010-10-15,716-082-2739,Male
Lewis,Deike,gulpinvulnerablymattock@artnonabrasive.edu,Maldives,1974-12-07,533-415-8253,Female
Hung,Mazzoli,Dewayneclasses@milligrams.edu,Cape Verde,1978-09-09,535-542-6514,Female
Kent,Agney,versesbeginners@BridgetownsLorinormalcy.info,Panama,1999-11-11,334-652-3372,Male
Vincent,Buczak,boxwoodsvacuaroomer@Stuyvesantintermarries.net,Japan,1979-09-03,146-702-7198,Female
Rusty,Sobottka,Fichtescongas@inhalation.com,Namibia,2007-02-06,812-717-1592,Male
Stanley,Dachelet,meowingsanctifications@chloroformflabbycadenzas.gov,Equatorial Guinea,1989-01-06,354-183-3724,Female
Hilton,Bornheimer,contortionsverge@Bryces.com,Europa Island,2016-06-15,895-872-8609,Female
Vince,Chartier,monorailsclimbers@vertebras.com,Nigeria,1986-04-02,298-906-2697,Female
Miquel,Willyerd,modernismsJustins@tensenesssaddendsWahhabis.gov,Clipperton Island,2000-08-29,526-479-5246,Female
Franklyn,Grade,asocialtraceries@scabiessindependently.gov,Honduras,1970-06-18,574-261-9472,Male
Nigel,Eisenstein,numeralroyalist@poddedbourgeois.edu,Romania,1990-07-13,452-276-8397,Female
Ahmed,Rauschert,competitorscauseless@priorytwosomebatsman.info,Libya,2018-02-18,577-954-3263,Female
Sergio,Brambila,CharminAugean@customers.me,Coral Sea Islands,1985-04-18,622-063-1072,Male
Cesar,Atwell,inclinesendlessness@legerdemain.gov,Nigeria,1975-02-14,817-744-2387,Male
Otto,Calmer,champphenomena@creosotes.edu,Romania,2017-06-16,561-953-4208,Female
Cesar,Tache,horsemansmeditates@getsbanter.me,Juan de Nova Island,2010-04-29,168-075-9573,Male
Clayton,Poehling,fociSikhismsshipping@finchesattractivelychinks.edu,Namibia,1970-05-24,646-544-1255,Female
Maximo,Remmen,breadwinners@incompetenceKerry.org,Namibia,2001-09-14,141-194-8675,Male
Franklyn,Lenfest,wombscurrants@fantasysdesirabilitys.com,Lebanon,1975-12-10,980-075-2185,Female
Waylon,Tyack,inchesglorification@domainscosmologies.gov,North Korea,1974-10-20,968-968-1585,Female
Sung,Dmitruk,Bobbittflowlollygagging@potashuproot.info,Slovakia,1989-06-16,334-888-0943,Male
Roberto,Guidici,Asiaticsuet@announce.me,Botswana,1991-09-26,910-599-6512,Female
Guy,Harold,Gomulkasaguesraja@Mistassiniponds.org,Micronesia,1980-05-21,466-198-0270,Female
Javier,Bhakta,scrimshawingunmakes@sisalconvergesorganisms.org,Zimbabwe,1997-06-20,463-864-3858,Male
Willie,Pluth,turnoutsfarcehellholes@Leandepositions.me,Macedonia,1974-05-14,678-943-5297,Female
Reyes,Towne,Flatensionscholastic@knickknackscreeping.info,Monaco,2009-08-04,572-006-4638,Male
Hobert,Kothman,Seaborgprivationsconsistently@underactsHolsteins.gov,Italy,1998-01-22,259-463-1016,Female
Reynaldo,Galicinao,dawninflecting@McNamarassustenances.org,Johnston Atoll,1992-01-17,234-639-7611,Male
Keith,Mendelowitz,dromedariesantipastos@collegians.info,Romania,1999-08-07,917-312-3446,Female
Monte,Mockel,bpassionlessKaufmans@bicyclesmanfully.gov,Bhutan,2017-07-10,203-097-0861,Male
Milan,Jezierski,bravosplayerIagos@boutonni√®res.com,Kazakhstan,1973-05-10,210-218-1056,Female
Wesley,Valleau,YahtzeesalchemysGwendolyns@humongousWinchester.me,Tunisia,1974-04-19,848-721-6537,Male
Arden,Corke,officialsextremists@bakerys.net,Croatia,1985-04-20,707-657-9273,Male
Anderson,Blanchfield,Chicanapraises@progressivelydiffidence.net,Belize,1983-08-05,366-415-6980,Female
Chauncey,Bardelli,Dewittassessstimulants@kinfolkjaywalks.info,Panama,2016-03-09,302-706-0181,Female
Jame,Weeding,defecating@burnishesMuslims.gov,Andorra,2010-04-06,301-795-2678,Female
Freddie,Vaquera,turtleneckmindmotherfucking@bludgeonsgringopreviews.edu,Albania,1973-06-29,336-563-4165,Male
Omar,Gawin,snifteringreinserts@rotlodesspoilers.info,Dominica,2009-08-12,784-623-8693,Female
Jordan,Ehmer,Hindustansafforest@EstersBeringcaseins.me,Algeria,1999-05-01,993-115-8478,Female
Werner,Michals,overdrewdemised@pinheadsarsenalspushers.me,China,2007-09-05,801-179-4502,Female
Freeman,Despot,dramasstrengthsintricate@spitefullyresins.me,French Polynesia,1995-10-22,351-445-7651,Male
Eliseo,Colleluori,maximgeeddinosaurs@Fukuokas.org,Malaysia,2002-09-02,849-779-1099,Female
Josiah,Girvin,undulationsdrawer@synergisms.info,Tokelau,2010-09-01,192-775-3211,Male
Octavio,Hanse,persimmonsquadruplicating@revilealavatories.gov,British Virgin Islands,1988-03-11,495-854-2808,Female
Jimmie,Wich,sugarcoatedJataka@toxinssessionNantucket.net,Falkland Islands (Islas Malvinas),1976-05-04,768-953-2859,Male
Wendell,Kovacs,rampageroweling@dropsstripling.info,Samoa,1987-05-05,686-795-6997,Female
Isaac,Pavan,Salksentertainpumice@rampantly.net,Suriname,1994-08-10,178-602-9448,Male
Cleo,Fuelling,Bannisterandante@letsrabbis.net,Singapore,1997-03-24,916-523-5859,Female
Lyle,Tsuruta,decimalfanciers@monsieurs.org,Northern Mariana Islands,2010-06-17,631-393-3834,Female
Myron,Tallett,stilingWells@compounding.edu,Spratly Islands,1981-10-27,425-978-2396,Female
Hassan,Bakshi,consultantsWednesdays@aftercare.gov,Kiribati,2009-08-11,410-339-2202,Male
Jerald,Mughal,irascibilityoranges@salesperson.gov,Howland Island,2014-11-24,760-759-6460,Male
Justin,Schlafer,violinsJaimes@Huitzilopitchli.edu,Latvia,2002-08-06,512-117-1120,Male
Alphonso,Rupertus,judiciariesricesTurks@banyanmocksfurious.edu,Kuwait,1990-09-21,117-075-4062,Female
Frank,Lohrbach,protoplasmicrivers@assumptionsmarvelous.com,Australia,1979-02-26,141-412-3732,Female
Dominic,Shankles,rationalisticliteratures@diggersconsorts.com,Arctic Ocean,1997-11-25,935-034-0613,Male
Warner,Bemiller,unguentssappierwretchednesss@TurpinsBauers.me,Antarctica,1991-09-06,129-687-9355,Male
Kevin,Beitran,superchargingTheilers@squealerscretins.me,Estonia,1979-10-07,492-213-6483,Male
Vincenzo,Ayaz,saturatedSonjasstellar@emasculations.me,Mozambique,2016-08-09,991-698-9809,Male
Elroy,Scartozzi,nanoseconddeserve@Hiberniacowboy.info,Mexico,1997-05-26,520-673-7068,Male
Moises,Lehmkuhl,cuminspoemsavorier@assizeaverting.info,Baltic Sea,1974-08-29,786-978-9146,Female
Weldon,Uzzel,Aramaicsduresss@rascalMelissa.me,Maldives,1998-05-13,659-410-5998,Male
Lee,Abdelqader,earlobeswhittle@laughsbananassubs.edu,Belgium,1971-08-27,617-102-6427,Female
Jason,Ledrew,depotsneutrality@mossyvarlets.org,Argentina,1997-05-01,217-600-3412,Female
Jefferson,Belina,disbarMichelinchilies@PercyRunnymedes.gov,Paracel Islands,2001-08-12,880-175-4212,Female
Tobias,Albaum,gurglingconcurrent@embeddedcontaminates.com,Guam,1991-04-27,603-887-0472,Male
Chi,Urquiaga,calliopesruttingstodginess@Whitleys.com,Marshall Islands,1988-06-06,541-864-7445,Male
Andy,Armenti,Godthaabmultiplicands@snuckwannestTaoisms.gov,Estonia,1990-09-04,483-524-3159,Male
Chris,Bonafede,BundestagsreddenSallie@hearthsuperveningportrayed.com,Arctic Ocean,1997-03-13,499-681-6053,Female
Andre,Goldsby,coveragessapiences@bastard.me,Mozambique,1975-02-23,413-788-4122,Female
Marlon,Thygesen,Kitchenersurroundings@materialists.gov,Botswana,2010-05-09,588-732-1438,Male
Terry,Lanclos,runesugliness@yearnsbumpersmacrobiotics.org,Somalia,1975-06-28,663-824-9484,Male
Stevie,Migneault,honeycombsdowels@Brailledoctorsconvulsively.net,Gibraltar,1974-11-18,798-924-3139,Male
Donny,Keeran,clergywomenvillager@kabobs.edu,Niger,2010-08-23,846-635-7147,Male
German,Kurtin,adoptedacclaims@admonishmentdebauch.me,Botswana,1971-01-14,511-188-0805,Female
Robby,Puffett,disproportion@connexions.gov,Cyprus,2005-01-05,223-550-1079,Female
Jeffry,Cario,baresdisapproveimperishables@lambkinsShannas.org,Sierra Leone,1970-01-25,208-968-9082,Male
Rodrigo,Nott,yarnsJewplough@Juneaus.info,Iraq,1993-06-25,410-177-0255,Male
Brett,Buitrago,drachmaechitlings@clemencys.org,China,1984-11-03,692-010-7261,Female
Garfield,Layugan,mariasbastardize@master.me,North Korea,1983-05-14,110-109-8897,Male
Carlo,Senchak,wrongestHarlowslibrettists@Vijayawadasignalled.me,Saint Lucia,1994-11-19,534-419-3534,Female
Barrett,Modell,crimpingextirpate@canonizationsCids.org,Montenegro,1986-08-21,786-032-7600,Female
Nicky,Larkin,Jasontintinglaunders@inheritsSabins.org,Martinique,1999-12-22,297-270-8885,Male
Darwin,Mazion,sufficiencyBarbuda@robberyEstebans.info,Iran,2015-01-01,385-331-8176,Female
Edmond,Gratzer,improprietysdeficit@cowlicksenervatesclassical.edu,Indonesia,1983-03-31,765-928-6370,Male
Marcelino,Mcroberts,FitchsDebsweeknights@Hecatefacetiousnesss.me,Somalia,1988-01-25,392-313-5635,Female
Leon,Kolega,summeredbasksidelights@Barneysevildoersallegation.org,Ireland,2017-03-17,596-001-8565,Female
Nicholas,Pinet,limbererinfamies@nimbidovetailsinconsistent.org,North Korea,2006-06-07,871-308-2999,Male
Joan,Kye,harpsichordruinschugging@Meiers.gov,Botswana,2003-04-11,383-711-1927,Male
Norman,Zumwalde,sketchiestantiphonal@Linwoods.edu,Tanzania,1984-01-31,600-371-0025,Female
Reuben,Balga,precisestaphquintupled@carollinghumusYbs.gov,Tajikistan,2012-10-13,754-325-7980,Male
Keneth,Zahorchak,unnervecommencestrams@Nagysflautistsjawbones.info,Wallis and Futuna,2003-08-15,162-295-0018,Male
Randall,Scillieri,swimmingPlayStations@Lenorescommendation.com,Iceland,1978-01-12,662-526-6197,Male
Lionel,Loadman,arrestsinsteadindicating@chaperonsreports.org,Switzerland,1990-08-07,392-770-1858,Male
Rusty,Glassmyer,typifiesdecrees@bacchanalsgarrulousness.org,Australia,1974-11-17,665-182-9114,Male
Vern,Bassette,pussycatlineagesdickier@remainderedblockheads.me,Comoros,1989-07-14,879-282-6374,Female
Mohammed,Warney,MuirsAeschylusjunkyards@unraveledAlbanys.info,Baker Island,2017-11-14,251-501-9016,Female
Mohamed,Algier,turquoisessnapshots@promptness.gov,Spain,2018-10-01,137-731-8772,Female
Joan,Wonser,Zedongimperceptible@hoopAeroflotstrembless.net,Zimbabwe,1974-10-15,744-148-3488,Male
Russell,Phlegar,Lauriunsuspected@cruisingMcLeods.com,Serbia,1993-05-02,115-703-8195,Female
Trevor,Chaudhary,sordidnesss@incompletely.edu,Mediterranean Sea,1976-01-23,673-044-1521,Female
Donny,Basar,romanticsstory@eroticisms.com,Bosnia and Herzegovina,2011-04-24,941-848-8331,Female
Rashad,Stea,ungainlinesssobviousness@organizer.edu,Christmas Island,1970-04-30,360-707-2374,Male
Darius,Carmouche,AnastasiasSudraminster@Douglas.com,Kosovo,1993-12-08,709-620-1185,Male
Mitchell,Allcorn,factionalNikolai@keynotescovensremote.gov,Clipperton Island,1972-10-07,727-027-9712,Female
Kenneth,Depot,mistressmisdid@superegos.gov,Niger,2014-07-14,325-366-0586,Male
Manuel,Coyte,distributionelectroplates@gottenriversidesJune.gov,Turkmenistan,2009-12-12,222-284-8163,Female
Isidro,Kozinski,lilyjabberers@inclininginebriations.gov,Jordan,1977-11-07,984-963-4945,Male
Keenan,Kinas,dawdlingpealing@Deeslowness.net,Cote d'Ivoire,2003-04-09,214-154-5253,Male
Fritz,Degrazio,OxfordsinsincerelySomalia@likingSvengali.net,North Korea,1989-02-19,758-417-1536,Male
Darryl,Striebel,nickssilaginggallon@evidencestaces.org,Kosovo,1974-04-17,308-227-2864,Male
Renaldo,Brezler,blightsding@memorizing.me,Midway Islands,1992-10-26,579-859-4674,Male
Barney,Atchinson,davitslocoBridgetown@TamekaoutcomeJuniors.com,Nepal,1974-02-21,933-449-5187,Female
Devin,Bartkowiak,twingedhooliganism@aconites.net,Croatia,1982-11-14,545-609-6716,Male
Miquel,Faynshteyn,PrometheussNosferatus@teetershiccough.gov,Argentina,1992-10-14,851-198-1632,Male
Dave,Moyotl,blanketsCatilineJacquard@rungsrumple.edu,Bahamas,1978-09-06,745-393-8657,Female
Ricardo,Toia,Schliemanns@automatabespeaks.me,Spain,1989-01-07,128-029-8997,Female
Lou,Gute,containmentusable@equalizes.info,Japan,1977-06-10,559-220-3098,Female
Lester,Cepress,Erlenmeyersliders@alluresMarcias.com,Indian Ocean,1975-04-06,553-463-5628,Female
Edmund,Bennani,oversensitivebarnyard@intensestimprovidently.me,South Korea,2006-03-02,423-128-0674,Male
Spencer,Minarick,sharpnesssparasites@prolificinfants.gov,Togo,2012-08-07,445-502-8164,Male
Troy,Wehry,whirlwindsmaidenhair@playthings.info,North Sea,1983-02-27,425-273-7828,Female
Shayne,Blessum,gigglierAyersTaney@widowedinbuilt.edu,Somalia,1979-12-02,611-450-4713,Male
Emmanuel,Riley,Styxgravecynical@queryinginterrelated.edu,Thailand,1980-09-08,124-178-1726,Female
Kyle,Stiglich,countertenornettings@stalescolossiexistences.org,Bahamas,2010-05-18,374-016-3822,Male
Rene,Schech,toothpasteZyuganov@nowZionistsoutwitted.com,Andorra,2007-12-09,218-831-7787,Male
Max,Kinne,sociologistsfirearms@Tancredsguillotines.net,Mayotte,1999-11-25,425-368-9836,Male
Sherwood,Helfen,silveriestperfecting@teatconfabbingthreshing.net,Peru,2014-08-14,181-154-1683,Male
Dion,Barnicle,bossesbluebellprolonged@Cathayssurrogates.com,Democratic Republic of the Congo,1983-11-24,592-537-9191,Female
Homer,Gessell,Kongosdepictions@insightfifteen.info,Trinidad and Tobago,2005-02-22,312-808-0859,Female
Alphonso,Lawliss,editionwording@Rtehibiscussupholsters.gov,Saint Kitts and Nevis,1981-03-31,857-626-3717,Female
Russ,Chilcoat,trowelingposeurs@Tbilisiporcupine.me,Argentina,1998-06-01,152-716-8627,Male
Clyde,Joldersma,gobbledtrudges@Pecoscouched.org,Anguilla,1985-08-31,918-743-5221,Female
Truman,Pyun,embellishesmullsFrancois@confidentialitys.info,Bangladesh,2000-01-05,824-321-8147,Male
Alphonse,Jowdy,headresthumblenesss@mistilytortures.info,Hong Kong,1986-12-27,561-197-1358,Female
Doyle,Ollis,terrestrialexponent@disciplinarianshomophones.gov,Tunisia,2016-04-12,419-021-3512,Female
Victor,Shahzad,threwsheepishly@eludesPriscillanappier.info,Iran,1986-09-24,134-851-0923,Male
Lawerence,Hopkinson,agesGalvestonstiebreaker@ungainliereffacement.gov,North Sea,1985-01-19,908-084-9845,Male
Jack,Kabbara,inseparablydoggies@lyricalvainerbesotsmiserlinesss.org,Kosovo,2003-08-12,729-006-2932,Female
Frederic,Spruce,Pizarrosinundating@yuletidesfact.me,United Arab Emirates,2000-05-13,700-265-0910,Male
Marquis,Castorino,prettifyinghoodedjudicially@coyestoutriders.edu,French Southern and Antarctic Lands,2002-06-04,598-113-8349,Female
Rodrigo,Groff,graffitominimal@vaguenesssFreemasonry.me,Panama,1981-01-29,650-703-6901,Male
Marc,Nill,Havartiundercoated@messengers.info,Burundi,2014-08-22,861-004-1744,Male
Hung,Celada,cyclingruggingBelmont@fastidiousnessdetailing.net,Republic of the Congo,1992-03-16,749-809-4289,Female
Waylon,Eisenschenk,tubasunprofitablepalmier@dhotisallegation.info,Southern Ocean,1992-06-23,684-692-1343,Female
Alton,Ueckert,backlogsbroaderheadhunters@subtitledfatness.edu,Andorra,2006-03-25,386-134-3746,Female
Pierre,Friesth,obeysevolutionary@readershipssirocco.me,Comoros,2017-08-10,594-925-3151,Female
Porfirio,Marciniec,animistsbridged@Tuaregs.edu,Moldova,2011-12-27,131-316-5367,Male
Edmundo,Grefe,renderscruelsorcerer@bewilderpetrochemicals.info,Austria,2002-12-22,545-975-3921,Female
Jospeh,Oschwald,rationalizationMalta@emissions.info,Ashmore and Cartier Islands,1991-01-06,508-025-0749,Female
Bernard,Aristilde,aimlesslyparticulate@grottoskosherJansenists.com,Pitcairn Islands,1988-04-21,706-268-7628,Male
Bob,Kortbein,XmassErins@stalkingdevalued.net,Armenia,2004-06-30,529-923-0183,Male
Kerry,Supple,Deadheadtitularmultiplicity@Chukchiperjures.org,Kazakhstan,1994-01-26,680-651-0049,Male
Giovanni,Zaneski,soaredenforcement@elixirsLucknow.net,Reunion,1978-01-24,714-332-2324,Female
Allen,Elkhatib,comparisonschickening@elasticmixers.me,Slovenia,1998-02-24,197-341-4318,Male
Pablo,Repice,plenarycommercialized@sarcophaguss.info,Pakistan,2015-08-27,543-904-6639,Male
Hal,Wolfe,truculencesduketuck@spiltcoherentoverages.edu,China,1979-07-19,770-016-2849,Female
Hobert,Calilung,magisterialdragoons@standardized.gov,Baltic Sea,1971-03-19,509-151-9479,Female
Brooks,Cherven,groggiersibilants@felicityCapitolines.info,French Guiana,2014-01-07,309-814-0211,Female
Nathaniel,Pershing,MoritasErinspolyester@westerners.info,Cote d'Ivoire,1996-09-23,510-029-5604,Male
Ben,Pallares,caresseszone@acronymshospitalizing.net,Malaysia,2017-10-29,626-543-8130,Female
Vernon,Mallott,mediumsbrowsed@available.com,Heard Island and McDonald Islands,1973-04-18,402-480-9405,Female
Marco,Duncum,grapefaultiestconnoisseur@divergesfragrant.com,Oman,2011-03-31,576-707-2447,Male
Booker,Lemay,rapingtakingskylark@voluptuousness.me,Singapore,2013-07-30,562-023-7151,Male
Jack,Figueroa,kettledrumsgunnys@mutinous.com,Malaysia,2017-01-17,484-645-5091,Female
Felix,Huchingson,havingjettisons@flaggings.net,Hong Kong,2005-07-30,963-227-2580,Male
Jame,Gollub,hormonalsilvering@constitutionality.me,Brunei,2014-05-18,658-387-0784,Female
Lesley,Phemister,throughwaysElinor@laywomans.org,Mozambique,2000-07-02,444-222-1172,Female
Norbert,Fuhrmeister,nauticallyMansgenera@archenemiesdisoblige.gov,Peru,1999-04-18,906-518-6181,Female
Quinn,Remler,mortisingphialledMarseillaise@rebindingVictorconfluence.org,North Korea,1990-10-11,131-640-6292,Female
Rhett,Deneau,bashedrehiring@enlistees.org,Tromelin Island,2007-02-08,323-087-7027,Female
Cody,Metrejean,cubbyholeseldest@groundswellsulfursdialectics.gov,Coral Sea Islands,2017-08-13,955-389-2924,Male
Lyle,Hartzer,hoopsBabbittKinshasa@geniesvaluations.info,Uruguay,2003-10-25,830-748-3429,Male
Kermit,Bremer,dinettesossifiedbunion@chorusing.net,West Bank,2008-08-26,942-557-6330,Female
Brain,Welz,decryMajGreerearthed@buttonedsquareness.org,Puerto Rico,2009-03-02,611-176-1198,Male
Saul,Provenzano,scarletsstymyhurdle@quirkierorificesites.net,Paraguay,2011-10-02,337-145-8772,Female
Ignacio,Lanzone,gizmostranquilchaffinch@spacewalks.me,Sri Lanka,2010-07-06,745-989-9245,Male
Leandro,Derouchie,windsocksTelemanns@cartwheeled.me,Montenegro,1993-10-28,585-266-4305,Male
Sanford,Stefanak,stubbornestminiseries@workaholics.info,Chad,1988-07-13,356-404-0016,Male
Dwain,Murzynski,hangerIonicepoch@gladnesssreptile.info,Pacific Ocean,1990-08-24,588-770-7313,Female
Shad,Buchana,bakedprospectors@unknownloamstaxs.edu,Republic of the Congo,1993-01-02,894-263-6103,Female
Gregory,Torgrimson,maunderingJoliets@default.net,Eritrea,2004-01-02,625-267-1718,Male
Claud,Eikenberry,yamshydrogenated@miniaturizes.org,Juan de Nova Island,1979-04-02,698-338-1336,Male
Gustavo,Gemma,OliviasFourneyrons@regicideIcarussboudoirs.gov,Liechtenstein,1982-02-15,420-914-8212,Female
Oren,Slomka,videotapesfigurines@imambullfinchhellholes.me,Serbia,1970-07-20,176-846-2658,Male
Rosendo,Watts,reprintsincomparably@Christopers.org,Bassas da India,1977-10-07,373-994-9751,Male
Truman,Llopis,slenderizingSaranpassive@Gujaratdenseness.info,Jan Mayen,2004-11-17,839-834-6804,Male
Burton,Godburn,FiskNoyceprom@repealedvarietys.edu,Europa Island,2018-11-12,239-690-7090,Female
Lane,Fickenscher,anvilspassively@contrives.info,Juan de Nova Island,1989-10-20,753-802-2770,Female
Leo,Ausborn,schizophrenias@Taoisms.net,Kingman Reef,1991-07-20,335-893-5495,Female
Daron,Amunrud,tequilastransiences@Tbilisismoralitiesfoghorns.edu,Finland,2018-05-17,469-132-8988,Male
Freddy,Paterson,chieflyCubans@mesdisagreeing.org,Ukraine,2000-11-14,913-971-3114,Male
Logan,Dejulio,riotsadmittancegeezers@lankestMildredmismanage.me,Swaziland,1992-11-16,988-347-6677,Female
Joey,Halik,recapitulation@Roddenberry.com,Grenada,2016-01-02,401-195-7331,Male
Brett,Barroqueiro,leaseholdsAdonis@whealsaplombs.org,Cote d'Ivoire,1985-11-23,798-795-0446,Female
Myles,Sharry,Dellamarkscuffing@radiates.gov,Kazakhstan,1992-12-13,335-643-0293,Male
Darell,Chaca,bogysAzanias@diffraction.me,Nepal,2001-05-30,388-653-8952,Male
Jordon,Othman,gratefulnesssprefixs@rationalizespeasant.com,Tajikistan,1976-05-23,740-141-6743,Male
Enrique,Ogbonna,interdictions@treatedTemplar.net,Peru,2016-08-05,474-482-1876,Female
Norris,Birtles,Hatsheputshousecoats@customerstaces.net,Falkland Islands (Islas Malvinas),1974-08-12,234-553-2408,Female
Chauncey,Negron,adolescenttrefoil@jiggingnortheaster.info,Cook Islands,1977-06-19,638-535-3964,Male
Edwardo,Grage,Scorpiosrankedpurisms@infestinginventories.info,Sao Tome and Principe,1999-08-01,651-258-7157,Male
Ellsworth,Throm,deliquescentcountenances@brasdisenfranchise.gov,Papua New Guinea,2004-03-24,556-780-4631,Female
Terrell,Romanova,outhousesdripping@inferiority.gov,Syria,1989-12-03,888-629-4188,Male
Taylor,Garofola,emceesunopened@armamentsRolvaags.me,Angola,1987-04-14,176-710-6904,Female
Bert,Yell,silkenedhieamphibians@enrichedsuppurates.info,Juan de Nova Island,1971-09-19,837-977-4135,Male
Matthew,Broich,friskilyguts@hooksillinesss.me,Pacific Ocean,1970-07-03,971-512-6114,Male
Austin,Mcclester,windowpanesponchos@valleysasbestos.com,Bulgaria,1982-11-20,585-349-5092,Male
Harvey,Liffick,flubsmutetimetables@homagingperfections.net,Trinidad and Tobago,1971-09-26,740-627-4744,Male
Dong,Pohlkamp,CadillacLelandsMeuses@smitincitementahoycoffees.net,French Polynesia,1977-09-14,110-596-8912,Female
Morton,Digney,cowgirlsfrowziest@twiggingKetteringWaco.org,Sweden,1978-10-07,714-253-0887,Male
Jules,Ranier,impulsivelycachets@sapiencesshunderworlds.info,Cameroon,1996-07-16,825-250-7257,Male
Eloy,Picchi,legworkKrebsexposure@herniaigneous.edu,Comoros,1988-03-12,378-711-5593,Female
Lauren,Burow,Appaloosasflightier@amortization.gov,Baker Island,1993-05-08,641-375-5946,Female
Perry,Manwill,videosnosegayamounted@transplant.org,Martinique,1989-08-10,909-495-2447,Female
Marvin,Krattli,Sofiarhombusscomatose@soberedBeauvoir.info,Algeria,2006-08-22,657-006-3606,Female
Robin,Agnor,suggestionscuffing@ascribablebruise.gov,Norfolk Island,2014-08-17,740-259-2860,Female
Korey,Sopata,guitarshamburger@blotsCobains.gov,Morocco,1987-05-21,480-857-8412,Male
Mario,Euresti,agronomistsattempt@clinkinghermits.me,Ethiopia,2015-10-08,800-947-9363,Female
Guy,Wetli,skywritersingesting@unzippingannuities.edu,Eritrea,2017-05-18,181-310-6506,Female
Pasquale,Wisnosky,bohemianscaloricbureaucrat@prickedoutfitters.me,Isle of Man,1995-08-12,370-406-6805,Female
Dominic,Kurcz,chamoixinuredmainmasts@Saxonymantlestriumphed.net,Grenada,1993-02-25,585-700-2568,Female
Juan,Hoshaw,towncrossoverscondostump@fullnessseverglades.com,Malaysia,2005-10-24,411-689-4614,Male
Brad,Cruice,distractedcutlassentropy@Johannesholstered.org,Swaziland,2006-02-16,229-561-8017,Male
Leroy,Jeanotte,leptwickerworks@cauldronpericardiums.me,Belgium,1989-11-17,199-301-7177,Male
Leon,Maza,fuzzabstruseness@epistle.edu,Grenada,2002-01-28,697-588-9447,Male
Scotty,Aakhus,Eleazarwinkoverpowering@oscillator.com,Seychelles,2017-08-20,251-563-1058,Male
Horace,Panagiotopoulos,needlesunobtrusively@gratedidlinggraduate.edu,Papua New Guinea,1978-07-14,980-137-6625,Female
Mason,Swindler,howsoevercoriander@noblesmandated.edu,Europa Island,2013-09-11,326-018-3199,Female
Jody,Pelzl,papayadisjointedly@Neptunesludgesmatchmakers.net,Namibia,2012-08-23,426-942-0957,Male
Major,Dcosta,unfurlssucklesstodgiest@requisitioned.net,Georgia,2015-09-20,371-416-4764,Male
Frankie,Camblin,astronomicantelope@PikesNehemiahs.edu,Virgin Islands,2012-09-19,219-878-4885,Female
Adrian,Wippert,Freddieconveyers@hairsbreadth.info,Bouvet Island,1983-06-28,634-438-3724,Female
Casey,Oya,embryologyHefnerrosetted@cushioningcytologys.me,Wallis and Futuna,2016-02-01,926-397-9456,Female
Trey,Neiberger,endivepassionsnecks@Almoravids.me,Armenia,1997-03-26,693-277-9134,Female
Oscar,Swails,whirlwindquadrilaterals@westingarchitectsscored.net,Moldova,1977-08-18,541-556-9055,Female
Carmelo,Bultron,Siegfriedskunksolives@oviductappendixGray.com,Gaza Strip,1975-09-16,870-886-6963,Male
Rolland,Beley,easesTaoismsgiggling@splinters.net,Isle of Man,2015-10-11,322-436-9027,Female
